name,image,distortion,level,MOS,MOS_std,MSE,RMSE,PSNR,SNR,WSNR,NQM,UQI,SSIM,MSSIM,VIF,"CQ(1,1)",GMSM,GMSD
i01_01_1.bmp,1.00000,1.00000,1.00000,5.51429,0.13013,32.03753,5.66017,33.07421,25.98813,43.79441,33.73788,0.86986,0.96191,0.98669,0.67966,0.97925,0.99506,0.00986
i01_01_2.bmp,1.00000,1.00000,2.00000,5.56757,0.16008,63.92944,7.99559,30.07379,22.98771,40.82585,31.48137,0.81570,0.92851,0.97468,0.59392,0.96019,0.99027,0.01906
i01_01_3.bmp,1.00000,1.00000,3.00000,4.94444,0.15186,129.79863,11.39292,26.99810,19.91202,37.71852,28.94034,0.73986,0.86978,0.95185,0.50083,0.92384,0.98144,0.03493
i01_01_4.bmp,1.00000,1.00000,4.00000,4.37838,0.11046,257.90276,16.05935,24.01624,16.93016,34.68791,26.23665,0.64451,0.78145,0.91591,0.41084,0.86315,0.96547,0.06004
i01_01_5.bmp,1.00000,1.00000,5.00000,3.86486,0.10229,514.64925,22.68588,21.01569,13.92961,31.58893,23.23287,0.52697,0.65797,0.85600,0.32352,0.77023,0.94088,0.09411
i02_01_1.bmp,2.00000,1.00000,1.00000,5.74286,0.12995,32.00243,5.65707,33.07897,24.36388,39.26528,30.48576,0.69243,0.99092,0.97982,0.73164,0.91982,0.99170,0.01347
i02_01_2.bmp,2.00000,1.00000,2.00000,5.34286,0.13366,63.68085,7.98003,30.09072,21.37562,36.19964,27.84150,0.58111,0.98220,0.96277,0.66762,0.85615,0.98391,0.02542
i02_01_3.bmp,2.00000,1.00000,3.00000,5.22222,0.11858,127.58151,11.29520,27.07293,18.35783,33.13088,25.18357,0.46119,0.96526,0.93387,0.59952,0.75918,0.96909,0.04595
i02_01_4.bmp,2.00000,1.00000,4.00000,4.19444,0.09477,250.07185,15.81366,24.15016,15.43506,30.20212,22.41983,0.34798,0.93494,0.88997,0.53365,0.63312,0.94406,0.07646
i02_01_5.bmp,2.00000,1.00000,5.00000,3.97297,0.11135,484.45531,22.01035,21.27827,12.56317,27.14110,19.48961,0.24645,0.88252,0.83078,0.46737,0.49590,0.90193,0.12076
i03_01_1.bmp,3.00000,1.00000,1.00000,5.76923,0.09905,31.63664,5.62465,33.12890,25.33937,42.29332,32.03629,0.47933,0.93481,0.97211,0.71843,0.88897,0.99020,0.01535
i03_01_2.bmp,3.00000,1.00000,2.00000,5.10526,0.08145,62.63571,7.91427,30.16258,22.37305,39.40954,29.80266,0.39225,0.88504,0.94977,0.64999,0.80919,0.98050,0.02936
i03_01_3.bmp,3.00000,1.00000,3.00000,4.68421,0.10595,126.37466,11.24165,27.11420,19.32467,36.32083,27.15053,0.31270,0.80877,0.91319,0.57428,0.69208,0.96172,0.05435
i03_01_4.bmp,3.00000,1.00000,4.00000,4.25000,0.09843,249.84467,15.80648,24.15410,16.36457,33.15028,24.10717,0.24462,0.71356,0.85597,0.49957,0.56047,0.92773,0.09227
i03_01_5.bmp,3.00000,1.00000,5.00000,3.92500,0.10833,495.03481,22.24938,21.18445,13.39491,30.11468,21.20588,0.18365,0.60448,0.77707,0.42212,0.42575,0.87723,0.13982
i04_01_1.bmp,4.00000,1.00000,1.00000,5.76190,0.12051,32.10672,5.66628,33.06484,24.99480,41.97760,32.12096,0.65412,0.96137,0.97793,0.68430,0.88969,0.99191,0.01308
i04_01_2.bmp,4.00000,1.00000,2.00000,5.47619,0.10774,63.93531,7.99596,30.07340,22.00335,38.95302,29.66248,0.53530,0.92700,0.95973,0.61070,0.80848,0.98480,0.02391
i04_01_3.bmp,4.00000,1.00000,3.00000,4.92857,0.09155,129.54774,11.38190,27.00651,18.93646,35.90510,26.91845,0.41294,0.86572,0.92744,0.53204,0.69437,0.97107,0.04383
i04_01_4.bmp,4.00000,1.00000,4.00000,4.26829,0.09142,255.94790,15.99837,24.04929,15.97924,32.93017,24.23310,0.30390,0.77299,0.87848,0.45526,0.56392,0.94768,0.07218
i04_01_5.bmp,4.00000,1.00000,5.00000,4.00000,0.08909,507.13530,22.51966,21.07957,13.00952,29.81134,21.18924,0.21115,0.64434,0.80362,0.37959,0.42941,0.90807,0.11551
i05_01_1.bmp,5.00000,1.00000,1.00000,5.52500,0.13223,31.66064,5.62678,33.12561,24.89947,42.37026,37.92188,0.91456,0.96082,0.98993,0.69649,0.98290,0.99649,0.00812
i05_01_2.bmp,5.00000,1.00000,2.00000,5.50000,0.13229,62.95934,7.93469,30.14020,21.91407,39.35383,35.29634,0.86698,0.92802,0.98089,0.61430,0.96724,0.99346,0.01447
i05_01_3.bmp,5.00000,1.00000,3.00000,4.84615,0.09956,125.93775,11.22220,27.12924,18.90311,36.26852,32.48467,0.80170,0.87384,0.96487,0.52540,0.93759,0.98764,0.02627
i05_01_4.bmp,5.00000,1.00000,4.00000,4.05128,0.08844,246.77892,15.70920,24.20772,15.98159,33.26331,29.57017,0.71874,0.79536,0.93794,0.43636,0.88651,0.97825,0.04307
i05_01_5.bmp,5.00000,1.00000,5.00000,3.56098,0.12460,483.67047,21.99251,21.28531,13.05918,29.77142,25.95882,0.61685,0.69046,0.89551,0.34963,0.80338,0.96169,0.06946
i06_01_1.bmp,6.00000,1.00000,1.00000,5.75676,0.17684,31.10306,5.57701,33.20277,28.21445,44.81572,34.02546,0.79292,0.96853,0.98320,0.69042,0.98106,0.99478,0.01003
i06_01_2.bmp,6.00000,1.00000,2.00000,5.16667,0.15957,61.97919,7.87269,30.20834,25.22003,41.80735,31.94107,0.73634,0.93994,0.96896,0.60898,0.96320,0.99002,0.01870
i06_01_3.bmp,6.00000,1.00000,3.00000,5.02703,0.14548,125.27886,11.19280,27.15203,22.16371,38.66183,29.63943,0.66296,0.88796,0.94168,0.51938,0.92980,0.98072,0.03465
i06_01_4.bmp,6.00000,1.00000,4.00000,4.31429,0.11967,248.15997,15.75309,24.18349,19.19517,35.68254,27.02611,0.57457,0.80596,0.89893,0.43193,0.87346,0.96516,0.05757
i06_01_5.bmp,6.00000,1.00000,5.00000,3.61111,0.11966,495.52314,22.26035,21.18016,16.19185,32.54777,24.53282,0.46844,0.68648,0.82879,0.34461,0.78393,0.93901,0.09155
i07_01_1.bmp,7.00000,1.00000,1.00000,5.68182,0.11928,31.99542,5.65645,33.07993,25.72961,43.34927,34.10290,0.72637,0.94350,0.98007,0.68413,0.94858,0.99405,0.01174
i07_01_2.bmp,7.00000,1.00000,2.00000,5.09091,0.11507,63.91591,7.99474,30.07471,22.72439,40.46571,31.93161,0.65638,0.89671,0.96320,0.60298,0.90516,0.98855,0.02185
i07_01_3.bmp,7.00000,1.00000,3.00000,4.80000,0.12008,129.00563,11.35806,27.02472,19.67440,37.25406,29.19973,0.57814,0.82133,0.93502,0.51673,0.83114,0.97755,0.04096
i07_01_4.bmp,7.00000,1.00000,4.00000,4.45455,0.11343,255.60386,15.98762,24.05513,16.70481,34.23704,26.34552,0.49443,0.71826,0.89067,0.43129,0.72822,0.95860,0.07051
i07_01_5.bmp,7.00000,1.00000,5.00000,3.97619,0.09214,509.34557,22.56869,21.06068,13.71036,31.18174,23.53888,0.40221,0.59007,0.82412,0.34729,0.59934,0.92680,0.11344
i08_01_1.bmp,8.00000,1.00000,1.00000,5.54839,0.15697,31.36619,5.60055,33.16619,27.74820,45.06895,37.68306,0.89140,0.95576,0.98558,0.67869,0.99036,0.99561,0.00944
i08_01_2.bmp,8.00000,1.00000,2.00000,4.70968,0.13832,62.49531,7.90540,30.17233,24.75434,42.08659,35.39138,0.83666,0.91976,0.97272,0.59349,0.98144,0.99172,0.01729
i08_01_3.bmp,8.00000,1.00000,3.00000,4.83871,0.17128,125.76239,11.21438,27.13530,21.71731,39.00857,32.72283,0.76576,0.86105,0.95010,0.50291,0.96349,0.98447,0.03083
i08_01_4.bmp,8.00000,1.00000,4.00000,4.10000,0.10904,249.09520,15.78275,24.16715,18.74916,35.80813,29.93679,0.68272,0.77712,0.91312,0.41212,0.93198,0.97187,0.05311
i08_01_5.bmp,8.00000,1.00000,5.00000,3.54839,0.11930,492.40858,22.19028,21.20755,15.78956,32.72278,26.95275,0.58635,0.66777,0.85531,0.32684,0.87525,0.95199,0.08319
i09_01_1.bmp,9.00000,1.00000,1.00000,5.36364,0.16497,32.05421,5.66164,33.07195,27.91722,45.74640,33.09521,0.62225,0.90068,0.96978,0.64583,0.96481,0.99170,0.01452
i09_01_2.bmp,9.00000,1.00000,2.00000,5.00000,0.09882,63.94439,7.99652,30.07278,24.91805,42.71988,30.84426,0.53767,0.82974,0.94468,0.56285,0.93288,0.98370,0.02743
i09_01_3.bmp,9.00000,1.00000,3.00000,4.54545,0.12921,130.01321,11.40233,26.99093,21.83620,39.72434,28.45475,0.45585,0.72803,0.90261,0.47533,0.87595,0.96777,0.05091
i09_01_4.bmp,9.00000,1.00000,4.00000,4.03226,0.09660,258.64356,16.08240,24.00379,18.84906,36.69074,26.01776,0.38057,0.60860,0.83952,0.39181,0.78855,0.93967,0.08643
i09_01_5.bmp,9.00000,1.00000,5.00000,3.63636,0.10337,517.00426,22.73773,20.99586,15.84113,33.74140,23.52042,0.30483,0.48143,0.75241,0.31363,0.66674,0.89480,0.13432
i10_01_1.bmp,10.00000,1.00000,1.00000,5.71795,0.14020,31.82405,5.64128,33.10325,27.67926,45.28400,31.34537,0.68312,0.89750,0.97144,0.61719,0.95667,0.99255,0.01307
i10_01_2.bmp,10.00000,1.00000,2.00000,5.43243,0.14575,63.46739,7.96664,30.10530,24.68131,42.24342,29.38996,0.58661,0.81942,0.94672,0.52689,0.91797,0.98558,0.02460
i10_01_3.bmp,10.00000,1.00000,3.00000,4.74359,0.11304,128.84409,11.35095,27.03016,21.60617,39.22473,27.19666,0.48527,0.70381,0.90476,0.43443,0.85133,0.97184,0.04504
i10_01_4.bmp,10.00000,1.00000,4.00000,4.53846,0.11942,255.78916,15.99341,24.05198,18.62799,36.16321,24.60121,0.38649,0.56379,0.84015,0.34798,0.75381,0.94822,0.07682
i10_01_5.bmp,10.00000,1.00000,5.00000,3.81579,0.11683,512.57452,22.64011,21.03323,15.60924,33.07186,21.91131,0.29356,0.41748,0.74719,0.26745,0.62798,0.90819,0.12174
i11_01_1.bmp,11.00000,1.00000,1.00000,5.54054,0.18566,31.83100,5.64190,33.10230,24.36902,42.08003,34.45587,0.78322,0.93056,0.98046,0.66250,0.97212,0.99395,0.01140
i11_01_2.bmp,11.00000,1.00000,2.00000,5.16216,0.12969,62.99767,7.93711,30.13756,21.40428,39.05960,31.81938,0.70921,0.87722,0.96384,0.57608,0.94749,0.98821,0.02154
i11_01_3.bmp,11.00000,1.00000,3.00000,5.35135,0.19193,126.31446,11.23897,27.11627,18.38299,35.91058,28.97062,0.61818,0.79438,0.93516,0.48550,0.90334,0.97843,0.03743
i11_01_4.bmp,11.00000,1.00000,4.00000,4.28571,0.13138,247.70958,15.73879,24.19138,15.45809,32.68553,26.11037,0.51738,0.68533,0.88876,0.39672,0.83326,0.96149,0.06212
i11_01_5.bmp,11.00000,1.00000,5.00000,3.86111,0.11217,486.63281,22.05976,21.25879,12.52551,29.27737,22.93335,0.41150,0.55443,0.81912,0.31279,0.73066,0.93523,0.09556
i12_01_1.bmp,12.00000,1.00000,1.00000,5.94595,0.12054,31.74899,5.63462,33.11350,29.32242,46.82664,33.11008,0.67029,0.95378,0.97495,0.65797,0.94149,0.99217,0.01284
i12_01_2.bmp,12.00000,1.00000,2.00000,4.97222,0.10748,63.34448,7.95892,30.11372,26.32263,43.72589,31.02000,0.56236,0.91261,0.95370,0.57590,0.89242,0.98452,0.02448
i12_01_3.bmp,12.00000,1.00000,3.00000,4.78947,0.09235,128.32366,11.32800,27.04774,23.25665,40.59892,28.93360,0.44570,0.84069,0.91593,0.49109,0.81290,0.97042,0.04465
i12_01_4.bmp,12.00000,1.00000,4.00000,4.13889,0.08917,255.98563,15.99955,24.04865,20.25756,37.53757,26.46394,0.33547,0.73204,0.85800,0.40902,0.69952,0.94621,0.07508
i12_01_5.bmp,12.00000,1.00000,5.00000,3.76316,0.10808,508.23235,22.54401,21.07018,17.27910,34.50281,24.11015,0.24293,0.58809,0.77092,0.32899,0.57223,0.90941,0.11609
i13_01_1.bmp,13.00000,1.00000,1.00000,5.53488,0.14467,31.74991,5.63471,33.11338,26.07186,43.52538,34.17327,0.93570,0.96814,0.98924,0.68995,0.98733,0.99613,0.00811
i13_01_2.bmp,13.00000,1.00000,2.00000,5.42500,0.12692,63.11331,7.94439,30.12959,23.08807,40.54460,31.90790,0.88874,0.93969,0.97950,0.60671,0.97536,0.99276,0.01444
i13_01_3.bmp,13.00000,1.00000,3.00000,5.06977,0.14853,127.73151,11.30184,27.06782,20.02630,37.44129,29.28478,0.81372,0.88854,0.96064,0.51595,0.95207,0.98626,0.02653
i13_01_4.bmp,13.00000,1.00000,4.00000,4.79070,0.14545,254.53244,15.95407,24.07337,17.03185,34.38640,26.55560,0.71254,0.80784,0.92762,0.42688,0.90968,0.97481,0.04502
i13_01_5.bmp,13.00000,1.00000,5.00000,4.02381,0.14081,502.52835,22.41714,21.11920,14.07768,31.43004,23.64980,0.59077,0.69466,0.87588,0.34163,0.83858,0.95688,0.07114
i14_01_1.bmp,14.00000,1.00000,1.00000,5.89189,0.15185,31.87439,5.64574,33.09638,26.17215,43.46887,35.55337,0.87202,0.95634,0.98561,0.69361,0.97393,0.99535,0.00919
i14_01_2.bmp,14.00000,1.00000,2.00000,5.69444,0.13506,63.74031,7.98375,30.08666,23.16243,40.46208,33.36207,0.80106,0.92021,0.97266,0.61357,0.95004,0.99090,0.01742
i14_01_3.bmp,14.00000,1.00000,3.00000,4.77778,0.13095,128.86722,11.35197,27.02938,20.10515,37.48056,30.77368,0.70672,0.86085,0.94947,0.52865,0.90614,0.98303,0.03111
i14_01_4.bmp,14.00000,1.00000,4.00000,4.31429,0.11967,255.09208,15.97160,24.06383,17.13960,34.24319,27.84847,0.59555,0.77787,0.91168,0.44531,0.83389,0.97001,0.05163
i14_01_5.bmp,14.00000,1.00000,5.00000,3.75000,0.11369,502.55669,22.41778,21.11895,14.19472,31.23166,24.80035,0.47719,0.67279,0.85466,0.36674,0.72980,0.94847,0.08103
i15_01_1.bmp,15.00000,1.00000,1.00000,5.82222,0.15166,31.01717,5.56931,33.21478,25.50547,41.41092,38.97158,0.58128,0.92196,0.97255,0.66430,0.93887,0.99219,0.01267
i15_01_2.bmp,15.00000,1.00000,2.00000,5.06818,0.10364,61.21975,7.82430,30.26189,22.55257,38.26610,35.93084,0.48095,0.86197,0.95004,0.58547,0.88752,0.98490,0.02407
i15_01_3.bmp,15.00000,1.00000,3.00000,4.95556,0.09916,122.43661,11.06511,27.25169,19.54238,35.08093,33.02404,0.38160,0.77061,0.91235,0.50398,0.80414,0.97136,0.04328
i15_01_4.bmp,15.00000,1.00000,4.00000,4.27907,0.10043,239.64670,15.48053,24.33509,16.62578,31.77176,29.70570,0.29445,0.65297,0.85527,0.42461,0.69342,0.94761,0.07276
i15_01_5.bmp,15.00000,1.00000,5.00000,3.91111,0.09849,465.21450,21.56883,21.45427,13.74496,28.38713,26.24277,0.21723,0.52016,0.77549,0.34469,0.56382,0.90982,0.11337
i16_01_1.bmp,16.00000,1.00000,1.00000,5.61538,0.10644,32.06001,5.66216,33.07117,26.72341,44.54609,28.38923,0.62226,0.90000,0.97053,0.63297,0.93603,0.99181,0.01338
i16_01_2.bmp,16.00000,1.00000,2.00000,5.65000,0.17157,63.81387,7.98836,30.08165,23.73390,41.48099,26.20857,0.52829,0.82377,0.94591,0.54658,0.88391,0.98414,0.02531
i16_01_3.bmp,16.00000,1.00000,3.00000,5.02632,0.10842,129.45216,11.37770,27.00971,20.66195,38.49365,24.07972,0.42763,0.70870,0.90218,0.45554,0.79945,0.96943,0.04547
i16_01_4.bmp,16.00000,1.00000,4.00000,4.15385,0.10596,257.94505,16.06067,24.01553,17.66778,35.48825,21.49476,0.32851,0.56784,0.83530,0.36996,0.68497,0.94390,0.07782
i16_01_5.bmp,16.00000,1.00000,5.00000,3.94872,0.10848,517.76574,22.75447,20.98947,14.64171,32.36857,18.78463,0.23578,0.41783,0.73677,0.28829,0.54569,0.90143,0.12192
i17_01_1.bmp,17.00000,1.00000,1.00000,5.89189,0.09192,31.73442,5.63333,33.11550,24.41967,42.30430,35.20786,0.69296,0.86366,0.97266,0.61833,0.94490,0.99361,0.01138
i17_01_2.bmp,17.00000,1.00000,2.00000,5.21053,0.11861,62.43154,7.90136,30.17676,21.48094,39.41012,33.02669,0.60078,0.77277,0.95035,0.52657,0.89841,0.98793,0.02081
i17_01_3.bmp,17.00000,1.00000,3.00000,5.05128,0.12535,124.34572,11.15104,27.18450,18.48867,35.99208,29.78555,0.49875,0.64945,0.91275,0.43145,0.81910,0.97719,0.03769
i17_01_4.bmp,17.00000,1.00000,4.00000,4.38462,0.12359,241.13475,15.52851,24.30821,15.61238,32.62156,26.87923,0.39925,0.51349,0.85696,0.34368,0.71644,0.96048,0.06028
i17_01_5.bmp,17.00000,1.00000,5.00000,3.87179,0.09716,474.25282,21.77735,21.37070,12.67488,28.82213,23.40190,0.30269,0.37545,0.77445,0.26323,0.58339,0.93203,0.09445
i18_01_1.bmp,18.00000,1.00000,1.00000,5.69048,0.12366,31.83255,5.64203,33.10209,23.41316,40.59808,34.90269,0.83606,0.92350,0.98122,0.66902,0.97463,0.99498,0.00996
i18_01_2.bmp,18.00000,1.00000,2.00000,5.41463,0.13348,63.05081,7.94045,30.13390,20.44496,37.65413,32.55737,0.76121,0.87090,0.96533,0.58673,0.95106,0.99050,0.01845
i18_01_3.bmp,18.00000,1.00000,3.00000,4.85000,0.10338,126.99424,11.26917,27.09296,17.40403,34.43010,29.36801,0.66686,0.79542,0.93772,0.49938,0.90744,0.98142,0.03401
i18_01_4.bmp,18.00000,1.00000,4.00000,4.46341,0.10961,249.27088,15.78831,24.16409,14.47516,31.60302,26.61310,0.56026,0.70305,0.89419,0.41537,0.83666,0.96737,0.05689
i18_01_5.bmp,18.00000,1.00000,5.00000,4.00000,0.10000,488.61905,22.10473,21.24110,11.55217,28.28407,23.16813,0.44416,0.59313,0.82966,0.33462,0.73097,0.94117,0.09247
i19_01_1.bmp,19.00000,1.00000,1.00000,5.72973,0.16506,31.95730,5.65308,33.08510,27.68172,45.44090,34.28115,0.78449,0.93018,0.98107,0.69127,0.98379,0.99421,0.01138
i19_01_2.bmp,19.00000,1.00000,2.00000,5.10811,0.13121,63.56112,7.97252,30.09889,24.69551,42.38074,32.08590,0.71433,0.88037,0.96472,0.61214,0.96873,0.98917,0.02079
i19_01_3.bmp,19.00000,1.00000,3.00000,4.60526,0.11495,128.38651,11.33078,27.04561,21.64223,39.35752,29.87962,0.63491,0.80758,0.93551,0.52687,0.93971,0.97897,0.03843
i19_01_4.bmp,19.00000,1.00000,4.00000,4.13514,0.10920,254.08981,15.94019,24.08093,18.67755,36.36525,27.38061,0.55183,0.71661,0.89019,0.44263,0.88886,0.96119,0.06592
i19_01_5.bmp,19.00000,1.00000,5.00000,3.56757,0.08145,506.23637,22.49970,21.08727,15.68389,33.24121,24.33348,0.46329,0.60785,0.82317,0.35931,0.80488,0.93171,0.10527
i20_01_1.bmp,20.00000,1.00000,1.00000,5.76923,0.13790,26.65810,5.16315,33.87251,31.41188,43.71490,35.12780,0.49022,0.92050,0.97544,0.69505,0.96789,0.99373,0.01016
i20_01_2.bmp,20.00000,1.00000,2.00000,5.51282,0.18084,52.67787,7.25795,30.91452,28.45389,40.54350,33.10771,0.42349,0.86086,0.95546,0.61722,0.94547,0.98716,0.02000
i20_01_3.bmp,20.00000,1.00000,3.00000,4.92105,0.10111,105.10345,10.25200,27.91463,25.45401,37.45403,30.94631,0.35742,0.77102,0.92108,0.52952,0.89935,0.97570,0.03513
i20_01_4.bmp,20.00000,1.00000,4.00000,4.43590,0.11914,205.22367,14.32563,25.00853,22.54790,34.11607,28.27003,0.29653,0.65589,0.86974,0.44365,0.82441,0.95338,0.06138
i20_01_5.bmp,20.00000,1.00000,5.00000,3.78378,0.09467,398.08829,19.95215,22.13101,19.67038,30.84561,25.55650,0.24026,0.52324,0.79737,0.35938,0.71942,0.91544,0.10082
i21_01_1.bmp,21.00000,1.00000,1.00000,5.51163,0.10069,31.73871,5.63371,33.11491,27.11582,44.57899,32.25759,0.68673,0.94719,0.97994,0.69759,0.97854,0.99317,0.01326
i21_01_2.bmp,21.00000,1.00000,2.00000,5.06977,0.10081,63.35195,7.95939,30.11320,24.11411,41.59989,30.29631,0.61586,0.90400,0.96302,0.61988,0.95834,0.98639,0.02507
i21_01_3.bmp,21.00000,1.00000,3.00000,4.48837,0.12027,128.49783,11.33569,27.04185,21.04276,38.52310,27.67476,0.54504,0.83317,0.93358,0.53512,0.91988,0.97259,0.04707
i21_01_4.bmp,21.00000,1.00000,4.00000,3.90698,0.10303,256.16690,16.00521,24.04557,18.04648,35.49713,25.20442,0.47262,0.73315,0.88610,0.44822,0.85623,0.94829,0.08140
i21_01_5.bmp,21.00000,1.00000,5.00000,3.48837,0.11091,509.68199,22.57614,21.05781,15.05872,32.55282,22.80525,0.39545,0.60685,0.81714,0.36407,0.76084,0.91043,0.12800
i22_01_1.bmp,22.00000,1.00000,1.00000,5.81579,0.19642,31.72605,5.63259,33.11664,26.72180,44.08738,33.28278,0.74868,0.93504,0.97979,0.68077,0.96324,0.99328,0.01183
i22_01_2.bmp,22.00000,1.00000,2.00000,5.23684,0.15539,63.27189,7.95436,30.11870,23.72385,41.17126,31.00337,0.66343,0.88743,0.96252,0.60037,0.93167,0.98694,0.02267
i22_01_3.bmp,22.00000,1.00000,3.00000,4.84615,0.15186,127.92806,11.31053,27.06115,20.66630,38.09632,28.68141,0.56257,0.81551,0.93124,0.51570,0.87501,0.97496,0.04098
i22_01_4.bmp,22.00000,1.00000,4.00000,4.15789,0.09507,255.97934,15.99935,24.04875,17.65391,35.01841,25.93570,0.45476,0.71992,0.88255,0.43358,0.78598,0.95345,0.07119
i22_01_5.bmp,22.00000,1.00000,5.00000,3.71795,0.09559,512.25167,22.63298,21.03597,14.64113,31.91046,22.92182,0.34613,0.60110,0.81150,0.35295,0.66667,0.91986,0.11056
i23_01_1.bmp,23.00000,1.00000,1.00000,5.68571,0.13863,31.49676,5.61220,33.14815,27.35257,44.50346,33.71856,0.56761,0.94580,0.97531,0.69577,0.93408,0.99180,0.01383
i23_01_2.bmp,23.00000,1.00000,2.00000,5.05714,0.09850,63.01759,7.93836,30.13619,24.34061,41.49045,31.53063,0.46918,0.90374,0.95451,0.62214,0.87894,0.98414,0.02552
i23_01_3.bmp,23.00000,1.00000,3.00000,4.76471,0.11051,127.22932,11.27960,27.08493,21.28936,38.37983,28.95765,0.37556,0.83879,0.92033,0.54533,0.79101,0.96899,0.04693
i23_01_4.bmp,23.00000,1.00000,4.00000,4.08571,0.09365,253.41629,15.91905,24.09246,18.29688,35.39288,26.40379,0.29216,0.75161,0.86781,0.46713,0.67298,0.94224,0.08034
i23_01_5.bmp,23.00000,1.00000,5.00000,3.73529,0.08634,500.58504,22.37376,21.13602,15.34045,32.23735,23.62306,0.22163,0.64562,0.79384,0.39109,0.54175,0.89835,0.12746
i24_01_1.bmp,24.00000,1.00000,1.00000,5.88571,0.11967,31.86482,5.64489,33.09769,25.47843,43.09449,33.16015,0.79220,0.91512,0.97984,0.64347,0.96676,0.99414,0.01126
i24_01_2.bmp,24.00000,1.00000,2.00000,5.05556,0.15186,63.61860,7.97613,30.09496,22.47571,40.03645,30.66324,0.71458,0.85025,0.96247,0.55394,0.93755,0.98886,0.02096
i24_01_3.bmp,24.00000,1.00000,3.00000,4.72222,0.13950,129.54266,11.38168,27.00668,19.38742,36.93568,27.93742,0.61751,0.75057,0.93104,0.45936,0.88327,0.97821,0.03852
i24_01_4.bmp,24.00000,1.00000,4.00000,4.14286,0.11530,258.21157,16.06896,24.01105,16.39179,34.00853,25.39888,0.50970,0.62497,0.88215,0.37135,0.79932,0.96013,0.06619
i24_01_5.bmp,24.00000,1.00000,5.00000,3.58333,0.11369,518.74799,22.77604,20.98124,13.36198,30.79371,22.35440,0.39492,0.48287,0.80810,0.28833,0.68094,0.92961,0.10501
i25_01_1.bmp,25.00000,1.00000,1.00000,5.14286,0.10799,28.38487,5.32775,33.59993,27.98906,43.19415,34.12880,0.70597,0.96442,0.98406,0.74540,0.99775,0.99128,0.01584
i25_01_2.bmp,25.00000,1.00000,2.00000,4.67647,0.09037,56.33403,7.50560,30.62310,25.01222,40.10982,31.86847,0.67777,0.93861,0.97122,0.67281,0.99553,0.98318,0.02992
i25_01_3.bmp,25.00000,1.00000,3.00000,4.40000,0.12905,113.32974,10.64564,27.58736,21.97649,36.97116,29.52911,0.64815,0.89787,0.94990,0.59207,0.99093,0.96724,0.05501
i25_01_4.bmp,25.00000,1.00000,4.00000,3.88571,0.10514,224.50690,14.98355,24.61851,19.00763,33.94051,27.03755,0.61583,0.84096,0.91637,0.50693,0.98191,0.94238,0.09001
i25_01_5.bmp,25.00000,1.00000,5.00000,3.44444,0.13290,444.61254,21.08584,21.65099,16.04011,30.81905,24.22773,0.57748,0.76487,0.86589,0.41957,0.96338,0.90174,0.13873
i01_08_1.bmp,1.00000,8.00000,1.00000,5.18919,0.13151,25.81205,5.08056,34.01258,26.92650,41.15603,31.57559,0.94844,0.97632,0.99354,0.76869,0.98266,0.99443,0.01417
i01_08_2.bmp,1.00000,8.00000,2.00000,4.47222,0.13314,78.43544,8.85638,29.18568,22.09960,35.73025,27.43650,0.85305,0.92501,0.97842,0.62620,0.92510,0.98300,0.03725
i01_08_3.bmp,1.00000,8.00000,3.00000,3.48649,0.11856,190.27907,13.79417,25.33689,18.25081,30.07618,22.54284,0.65069,0.81501,0.93321,0.47679,0.73991,0.95285,0.07755
i01_08_4.bmp,1.00000,8.00000,4.00000,3.00000,0.09035,339.72836,18.43172,22.81949,15.73340,24.53722,17.00746,0.39233,0.67907,0.83468,0.34559,0.44409,0.87907,0.14051
i01_08_5.bmp,1.00000,8.00000,5.00000,2.11111,0.10956,506.70205,22.51004,21.08328,13.99720,19.63976,11.38246,0.16393,0.57077,0.68913,0.24354,0.17395,0.75492,0.23920
i02_08_1.bmp,2.00000,8.00000,1.00000,6.10811,0.14190,6.91834,2.63027,39.73078,31.01569,42.23770,32.03203,0.94763,0.99824,0.99703,0.88710,0.98116,0.99740,0.00731
i02_08_2.bmp,2.00000,8.00000,2.00000,5.16667,0.11453,20.91308,4.57308,34.92662,26.21153,36.84398,27.98720,0.85154,0.99461,0.99046,0.79944,0.91807,0.99167,0.02197
i02_08_3.bmp,2.00000,8.00000,3.00000,4.54286,0.08420,51.00327,7.14166,31.05482,22.33973,31.32770,23.35814,0.65475,0.98663,0.97253,0.70114,0.73114,0.97529,0.05460
i02_08_4.bmp,2.00000,8.00000,4.00000,3.83784,0.10477,96.27529,9.81200,28.29566,19.58056,25.85362,18.32691,0.41737,0.97480,0.93519,0.61265,0.46494,0.93653,0.10516
i02_08_5.bmp,2.00000,8.00000,5.00000,3.02703,0.09735,162.44720,12.74548,26.02368,17.30859,20.86152,13.17369,0.20899,0.95989,0.87477,0.53782,0.22353,0.86943,0.18219
i03_08_1.bmp,3.00000,8.00000,1.00000,6.34211,0.11930,5.73392,2.39456,40.54629,32.75676,42.75712,31.97367,0.93028,0.99546,0.99589,0.89154,0.97982,0.99792,0.00979
i03_08_2.bmp,3.00000,8.00000,2.00000,5.60000,0.11068,17.22492,4.15029,35.76923,27.97970,37.40275,27.72717,0.82724,0.98750,0.98810,0.81501,0.92120,0.99357,0.02782
i03_08_3.bmp,3.00000,8.00000,3.00000,4.47368,0.08100,42.56710,6.52435,31.84006,24.05053,32.16104,23.14447,0.65341,0.97397,0.97167,0.72707,0.76208,0.98209,0.06073
i03_08_4.bmp,3.00000,8.00000,4.00000,3.75000,0.12119,83.60271,9.14345,28.90860,21.11907,27.13597,18.17211,0.46365,0.95699,0.94292,0.64139,0.51683,0.95591,0.10332
i03_08_5.bmp,3.00000,8.00000,5.00000,2.95000,0.09321,148.38420,12.18131,26.41693,18.62739,22.41152,13.18604,0.29527,0.93599,0.89607,0.56541,0.28157,0.90650,0.16182
i04_08_1.bmp,4.00000,8.00000,1.00000,6.30952,0.14478,4.12544,2.03112,41.97610,33.90605,44.52900,33.67572,0.95787,0.99605,0.99753,0.90088,0.98164,0.99850,0.00819
i04_08_2.bmp,4.00000,8.00000,2.00000,5.92683,0.11118,12.40740,3.52241,37.19400,29.12395,39.12982,29.65462,0.88217,0.98870,0.99219,0.81917,0.92646,0.99548,0.01968
i04_08_3.bmp,4.00000,8.00000,3.00000,5.38095,0.12118,30.88031,5.55701,33.23399,25.16394,33.59803,24.92010,0.73431,0.97465,0.97745,0.72253,0.78201,0.98608,0.04028
i04_08_4.bmp,4.00000,8.00000,4.00000,4.37500,0.07655,63.02609,7.93890,30.13560,22.06555,28.04018,19.55337,0.54907,0.95485,0.94527,0.62787,0.57778,0.95874,0.08278
i04_08_5.bmp,4.00000,8.00000,5.00000,3.66667,0.11984,118.56406,10.88871,27.39127,19.32123,22.86735,14.00398,0.36709,0.92890,0.88668,0.54263,0.35008,0.90999,0.13916
i05_08_1.bmp,5.00000,8.00000,1.00000,5.40000,0.14053,30.90728,5.55943,33.23020,25.00406,40.39932,36.92204,0.97566,0.98493,0.99548,0.77714,0.98322,0.99680,0.00855
i05_08_2.bmp,5.00000,8.00000,2.00000,4.66667,0.10468,93.07498,9.64754,28.44247,20.21634,34.88884,32.21450,0.92450,0.95155,0.98459,0.64717,0.93385,0.98980,0.02353
i05_08_3.bmp,5.00000,8.00000,3.00000,3.65854,0.12725,239.81684,15.48602,24.33201,16.10587,28.73400,26.31291,0.79815,0.86710,0.94736,0.49711,0.78287,0.96599,0.06011
i05_08_4.bmp,5.00000,8.00000,4.00000,2.78049,0.10064,484.01213,22.00028,21.28224,13.05611,22.25019,19.27140,0.58020,0.72674,0.84857,0.34703,0.53192,0.89689,0.12894
i05_08_5.bmp,5.00000,8.00000,5.00000,1.25000,0.14031,820.91541,28.65162,18.98782,10.76169,16.55341,12.52060,0.30859,0.57248,0.67722,0.22144,0.26036,0.77970,0.21022
i06_08_1.bmp,6.00000,8.00000,1.00000,5.18919,0.13151,26.42432,5.14046,33.91076,28.92245,41.50659,31.96461,0.94315,0.98297,0.98932,0.77964,0.98351,0.99327,0.03281
i06_08_2.bmp,6.00000,8.00000,2.00000,4.58333,0.12653,80.76472,8.98692,29.05859,24.07027,36.12398,27.50612,0.84778,0.94546,0.97158,0.64277,0.92508,0.98192,0.05868
i06_08_3.bmp,6.00000,8.00000,3.00000,3.48571,0.08448,194.93766,13.96201,25.23185,20.24353,30.79302,22.66290,0.64668,0.86513,0.93012,0.49791,0.73155,0.95299,0.09349
i06_08_4.bmp,6.00000,8.00000,4.00000,2.70270,0.09256,345.12444,18.57753,22.75105,17.76273,25.77945,17.71964,0.39784,0.76764,0.84729,0.37021,0.41829,0.88280,0.15340
i06_08_5.bmp,6.00000,8.00000,5.00000,2.05405,0.08500,519.19211,22.78579,20.97752,15.98920,21.29770,12.62896,0.18583,0.68930,0.72465,0.27078,0.14821,0.77079,0.23983
i07_08_1.bmp,7.00000,8.00000,1.00000,5.86364,0.15277,7.73125,2.78051,39.24831,31.89799,40.91088,31.60404,0.95756,0.99443,0.99614,0.88547,0.98348,0.99738,0.01436
i07_08_2.bmp,7.00000,8.00000,2.00000,5.53333,0.12413,23.75880,4.87430,34.37256,27.02224,35.46983,27.17247,0.90968,0.98371,0.98889,0.80221,0.94130,0.99186,0.03733
i07_08_3.bmp,7.00000,8.00000,3.00000,4.58140,0.13251,64.29525,8.01843,30.04902,22.69869,29.68599,21.96497,0.81505,0.95935,0.97031,0.68916,0.83335,0.97610,0.06895
i07_08_4.bmp,7.00000,8.00000,4.00000,3.42222,0.12761,154.79039,12.44148,26.23336,18.88304,23.63833,16.05475,0.64651,0.90021,0.91738,0.53767,0.65965,0.92076,0.11771
i07_08_5.bmp,7.00000,8.00000,5.00000,2.63636,0.08559,352.73812,18.78132,22.65628,15.30596,18.16155,9.63374,0.33700,0.75548,0.76445,0.33479,0.32337,0.77442,0.26563
i08_08_1.bmp,8.00000,8.00000,1.00000,5.21875,0.16378,42.98719,6.55646,31.79741,26.37943,40.33234,34.46903,0.95536,0.97819,0.99203,0.74660,0.98476,0.99404,0.01796
i08_08_2.bmp,8.00000,8.00000,2.00000,4.59375,0.13154,134.86530,11.61315,26.83180,21.41381,34.89616,29.98870,0.87223,0.92814,0.97530,0.60467,0.93200,0.98144,0.04624
i08_08_3.bmp,8.00000,8.00000,3.00000,3.90323,0.11500,342.71357,18.51252,22.78149,17.36350,29.22979,24.81609,0.68979,0.81286,0.92777,0.45415,0.76546,0.94986,0.09167
i08_08_4.bmp,8.00000,8.00000,4.00000,2.87097,0.12693,647.41988,25.44445,20.01894,14.60096,23.49614,19.10879,0.45596,0.65737,0.82651,0.32064,0.49488,0.87782,0.15903
i08_08_5.bmp,8.00000,8.00000,5.00000,1.96774,0.14049,1038.82775,32.23085,17.96537,12.54738,18.22428,13.22030,0.24262,0.51294,0.67392,0.21568,0.23324,0.76683,0.23579
i09_08_1.bmp,9.00000,8.00000,1.00000,5.87500,0.16973,10.33946,3.21550,37.98583,32.83110,44.28616,31.26869,0.93836,0.98664,0.99329,0.82159,0.98579,0.99705,0.01404
i09_08_2.bmp,9.00000,8.00000,2.00000,5.24242,0.14233,32.14107,5.66931,33.06020,27.90547,38.87448,27.38585,0.83093,0.96148,0.98141,0.70291,0.94225,0.99130,0.03499
i09_08_3.bmp,9.00000,8.00000,3.00000,4.34375,0.15058,85.00313,9.21971,28.83645,23.68172,33.24594,22.85263,0.64369,0.90940,0.95459,0.57178,0.81968,0.97567,0.06972
i09_08_4.bmp,9.00000,8.00000,4.00000,3.48485,0.14920,184.17778,13.57121,25.47843,20.32370,27.52057,17.72365,0.44251,0.83178,0.89988,0.44520,0.61443,0.93635,0.12140
i09_08_5.bmp,9.00000,8.00000,5.00000,2.37500,0.14490,353.50461,18.80172,22.64685,17.49212,22.21295,12.45233,0.25156,0.73974,0.80353,0.33090,0.32003,0.86015,0.20574
i10_08_1.bmp,10.00000,8.00000,1.00000,5.97368,0.10183,9.10725,3.01782,38.53693,33.11294,45.09132,31.03443,0.95085,0.98781,0.99476,0.82881,0.98427,0.99737,0.01230
i10_08_2.bmp,10.00000,8.00000,2.00000,5.30769,0.14116,28.03303,5.29462,33.65410,28.23011,39.67575,27.19446,0.86411,0.96361,0.98439,0.70560,0.93712,0.99195,0.03172
i10_08_3.bmp,10.00000,8.00000,3.00000,4.35135,0.12217,72.50064,8.51473,29.52739,24.10339,34.11717,22.71100,0.69777,0.91107,0.95834,0.56327,0.79887,0.97698,0.06054
i10_08_4.bmp,10.00000,8.00000,4.00000,3.50000,0.08924,147.80531,12.15752,26.43390,21.00991,28.51632,17.64166,0.48758,0.83109,0.90260,0.42413,0.57529,0.93522,0.11004
i10_08_5.bmp,10.00000,8.00000,5.00000,2.78947,0.11262,263.05785,16.21906,23.93029,18.50630,23.34549,12.52050,0.27167,0.74018,0.80888,0.30282,0.32478,0.86035,0.19188
i11_08_1.bmp,11.00000,8.00000,1.00000,4.94286,0.10647,19.50334,4.41626,35.22971,26.49643,39.77280,31.75810,0.95060,0.98362,0.99395,0.79296,0.98073,0.99591,0.01425
i11_08_2.bmp,11.00000,8.00000,2.00000,4.57143,0.13574,58.67241,7.65979,30.44646,21.71318,34.36990,27.38514,0.86495,0.95169,0.98140,0.66356,0.91980,0.98759,0.03699
i11_08_3.bmp,11.00000,8.00000,3.00000,3.75676,0.11722,141.91689,11.91289,26.61046,17.87718,28.90659,22.36888,0.69257,0.88628,0.94794,0.52483,0.73666,0.96586,0.07411
i11_08_4.bmp,11.00000,8.00000,4.00000,2.85714,0.10799,260.76752,16.14830,23.96827,15.23498,23.52857,16.97039,0.46954,0.80093,0.87739,0.39820,0.46387,0.91254,0.12746
i11_08_5.bmp,11.00000,8.00000,5.00000,2.33333,0.10393,413.34207,20.33082,21.96771,13.23442,18.58821,11.62327,0.25118,0.71820,0.76613,0.29300,0.21718,0.82152,0.20265
i12_08_1.bmp,12.00000,8.00000,1.00000,6.18421,0.16160,10.16514,3.18828,38.05967,34.26859,41.98739,29.66081,0.93094,0.99025,0.98961,0.84801,0.97741,0.99411,0.03365
i12_08_2.bmp,12.00000,8.00000,2.00000,5.47368,0.14287,31.77236,5.63670,33.11031,29.31922,36.64852,25.50901,0.84036,0.97236,0.97501,0.73861,0.90975,0.98537,0.06621
i12_08_3.bmp,12.00000,8.00000,3.00000,4.52632,0.13282,79.82747,8.93462,29.10928,25.31820,31.57507,20.93510,0.65552,0.94007,0.94867,0.61435,0.72560,0.96830,0.09794
i12_08_4.bmp,12.00000,8.00000,4.00000,3.60526,0.13179,156.61284,12.51451,26.18253,22.39145,26.97040,16.49757,0.42976,0.90188,0.90485,0.50157,0.47737,0.92960,0.13147
i12_08_5.bmp,12.00000,8.00000,5.00000,2.77778,0.09711,283.84208,16.84761,23.60004,19.80895,22.68505,12.24764,0.23041,0.86350,0.83663,0.40791,0.26219,0.85992,0.19498
i13_08_1.bmp,13.00000,8.00000,1.00000,4.80952,0.15148,53.66622,7.32572,30.83379,23.79227,39.85962,31.62903,0.95089,0.97323,0.99177,0.72657,0.97990,0.99504,0.01713
i13_08_2.bmp,13.00000,8.00000,2.00000,3.95238,0.13864,155.35069,12.46398,26.21767,19.17615,34.45772,27.17733,0.85011,0.91892,0.97380,0.58144,0.91375,0.98491,0.03721
i13_08_3.bmp,13.00000,8.00000,3.00000,3.12195,0.09252,350.29915,18.71628,22.68641,15.64489,28.94946,22.03137,0.63919,0.81042,0.92290,0.43655,0.71047,0.95607,0.07123
i13_08_4.bmp,13.00000,8.00000,4.00000,2.58140,0.09993,582.24112,24.12967,20.47977,13.43825,23.58856,16.45880,0.38383,0.68567,0.81685,0.31548,0.40932,0.88078,0.13260
i13_08_5.bmp,13.00000,8.00000,5.00000,1.73810,0.11198,817.21209,28.58692,19.00746,11.96594,18.82675,10.93119,0.16724,0.58986,0.66931,0.22555,0.14965,0.75920,0.21909
i14_08_1.bmp,14.00000,8.00000,1.00000,5.43243,0.16008,18.31926,4.28010,35.50172,28.57749,42.77346,35.59571,0.96941,0.98696,0.99559,0.80980,0.98258,0.99721,0.00810
i14_08_2.bmp,14.00000,8.00000,2.00000,4.55556,0.11416,54.90971,7.41011,30.73431,23.81008,37.31434,31.23894,0.90483,0.95961,0.98542,0.68771,0.93083,0.99112,0.02138
i14_08_3.bmp,14.00000,8.00000,3.00000,3.48649,0.11856,137.37971,11.72091,26.75158,19.82734,31.49597,25.96867,0.76056,0.89998,0.95489,0.55005,0.77936,0.97179,0.05134
i14_08_4.bmp,14.00000,8.00000,4.00000,2.83784,0.11152,272.45880,16.50633,23.77780,16.85356,25.54654,19.86714,0.54722,0.81521,0.88278,0.41544,0.53233,0.91664,0.10890
i14_08_5.bmp,14.00000,8.00000,5.00000,1.59459,0.13492,465.55630,21.57675,21.45108,14.52685,20.24761,13.78561,0.31013,0.72746,0.75874,0.30104,0.25105,0.81890,0.19302
i15_08_1.bmp,15.00000,8.00000,1.00000,5.95556,0.15700,8.06337,2.83961,39.06564,31.35632,41.77529,39.66429,0.94356,0.99260,0.99686,0.86326,0.97670,0.99699,0.02712
i15_08_2.bmp,15.00000,8.00000,2.00000,6.06667,0.14194,24.12590,4.91181,34.30597,26.59665,36.40189,34.83027,0.85383,0.97986,0.99040,0.76729,0.90884,0.99304,0.04513
i15_08_3.bmp,15.00000,8.00000,3.00000,5.13636,0.12277,58.80473,7.66842,30.43668,22.72737,30.99621,29.29700,0.69364,0.95562,0.97313,0.66212,0.75155,0.98293,0.06496
i15_08_4.bmp,15.00000,8.00000,4.00000,3.93182,0.09314,117.87266,10.85692,27.41667,19.70736,25.63020,23.67822,0.52054,0.92129,0.93748,0.56600,0.56023,0.95409,0.10440
i15_08_5.bmp,15.00000,8.00000,5.00000,3.36364,0.09142,224.19018,14.97298,24.62464,16.91532,20.45309,17.96129,0.36543,0.87739,0.87916,0.48163,0.38007,0.90174,0.17063
i16_08_1.bmp,16.00000,8.00000,1.00000,5.82051,0.12494,8.49964,2.91541,38.83680,32.48904,43.80104,27.29618,0.94363,0.98479,0.99393,0.84098,0.97796,0.99681,0.01215
i16_08_2.bmp,16.00000,8.00000,2.00000,5.22500,0.13914,25.86646,5.08591,34.00343,27.65568,38.44586,23.40534,0.85333,0.95267,0.98240,0.72475,0.91031,0.99026,0.03340
i16_08_3.bmp,16.00000,8.00000,3.00000,4.27500,0.12241,61.62568,7.85020,30.23319,23.88543,33.25895,19.08605,0.67988,0.88968,0.95635,0.59732,0.68705,0.97479,0.06756
i16_08_4.bmp,16.00000,8.00000,4.00000,3.61538,0.09327,108.00181,10.39239,27.79649,21.44874,28.45729,14.56052,0.48163,0.82228,0.91078,0.48209,0.38596,0.94130,0.11004
i16_08_5.bmp,16.00000,8.00000,5.00000,2.92500,0.08936,165.42636,12.86182,25.94476,19.59700,24.08982,10.09085,0.30307,0.77069,0.84853,0.38300,0.19040,0.88310,0.17352
i17_08_1.bmp,17.00000,8.00000,1.00000,5.74359,0.11872,9.51017,3.08386,38.34892,29.65310,42.13863,35.92659,0.96504,0.98881,0.99760,0.84681,0.97957,0.99841,0.00670
i17_08_2.bmp,17.00000,8.00000,2.00000,5.22500,0.14356,28.11979,5.30281,33.64068,24.94486,36.75947,31.54604,0.90339,0.96790,0.99219,0.73946,0.92420,0.99496,0.01886
i17_08_3.bmp,17.00000,8.00000,3.00000,4.57500,0.11666,69.08230,8.31158,29.73714,21.04131,31.11769,26.30734,0.78767,0.92389,0.97444,0.61152,0.76886,0.98358,0.04440
i17_08_4.bmp,17.00000,8.00000,4.00000,3.71795,0.10223,137.13116,11.71030,26.75944,18.06362,25.47517,20.32018,0.61998,0.85159,0.92532,0.47044,0.53838,0.94867,0.09047
i17_08_5.bmp,17.00000,8.00000,5.00000,2.95000,0.08624,240.82637,15.51858,24.31376,15.61794,20.34830,14.26769,0.39373,0.75703,0.82998,0.33156,0.29887,0.88027,0.16420
i18_08_1.bmp,18.00000,8.00000,1.00000,5.69048,0.11899,20.12812,4.48644,35.09277,25.40384,41.59594,36.44866,0.96783,0.98818,0.99654,0.81067,0.98248,0.99758,0.00727
i18_08_2.bmp,18.00000,8.00000,2.00000,4.65854,0.12725,59.06030,7.68507,30.41785,20.72891,36.10258,31.97414,0.90277,0.96452,0.98838,0.68638,0.93017,0.99216,0.01986
i18_08_3.bmp,18.00000,8.00000,3.00000,4.14286,0.10417,143.95048,11.99794,26.54867,16.85974,30.01651,26.45785,0.75959,0.91311,0.96125,0.54292,0.77816,0.97368,0.04814
i18_08_4.bmp,18.00000,8.00000,4.00000,3.04762,0.09495,277.94245,16.67161,23.69125,14.00232,23.69496,19.93116,0.53254,0.83513,0.88898,0.40039,0.52577,0.91524,0.10850
i18_08_5.bmp,18.00000,8.00000,5.00000,2.04878,0.08415,454.69050,21.32347,21.55364,11.86471,18.18991,13.53375,0.26577,0.74829,0.75954,0.28265,0.23055,0.80837,0.20004
i19_08_1.bmp,19.00000,8.00000,1.00000,5.35135,0.10268,24.69283,4.96919,34.20510,28.80172,41.92408,32.49669,0.95147,0.98600,0.99316,0.80682,0.98624,0.99459,0.01537
i19_08_2.bmp,19.00000,8.00000,2.00000,4.70270,0.12599,79.02902,8.88983,29.15294,23.74956,36.46428,28.33419,0.86593,0.95825,0.97953,0.68488,0.93776,0.98260,0.04394
i19_08_3.bmp,19.00000,8.00000,3.00000,3.76316,0.13123,210.13094,14.49589,24.90590,19.50253,30.69123,23.36610,0.68908,0.89823,0.94538,0.55463,0.78696,0.95070,0.09859
i19_08_4.bmp,19.00000,8.00000,4.00000,2.89189,0.11328,427.77335,20.68268,21.81867,16.41529,24.92701,17.80133,0.45650,0.81076,0.87422,0.43468,0.52744,0.87541,0.18518
i19_08_5.bmp,19.00000,8.00000,5.00000,2.27027,0.09856,713.63007,26.71386,19.59607,14.19269,19.83570,12.04090,0.22974,0.72037,0.74732,0.33111,0.19697,0.77645,0.25743
i20_08_1.bmp,20.00000,8.00000,1.00000,5.65789,0.14062,14.11496,3.75699,36.63401,34.17338,43.26286,31.98249,0.92131,0.98456,0.98276,0.84539,0.98169,0.99342,0.04852
i20_08_2.bmp,20.00000,8.00000,2.00000,5.29730,0.13166,43.53647,6.59822,31.74227,29.28164,37.90279,27.76994,0.81969,0.96610,0.96498,0.74899,0.92666,0.98709,0.07799
i20_08_3.bmp,20.00000,8.00000,3.00000,4.02778,0.12099,110.42973,10.50856,27.69994,25.23932,32.62981,22.96605,0.64557,0.93247,0.93824,0.64228,0.77037,0.97509,0.10264
i20_08_4.bmp,20.00000,8.00000,4.00000,3.42105,0.13227,223.64770,14.95486,24.63516,22.17453,27.66504,18.26989,0.45783,0.88219,0.89450,0.53833,0.53350,0.94340,0.14058
i20_08_5.bmp,20.00000,8.00000,5.00000,2.58974,0.11304,413.43706,20.33315,21.96671,19.50608,22.99023,13.40090,0.28932,0.81913,0.82270,0.44519,0.29427,0.88632,0.20901
i21_08_1.bmp,21.00000,8.00000,1.00000,5.50000,0.11785,21.22702,4.60728,34.86191,28.86282,42.09769,30.84718,0.93558,0.98654,0.99200,0.79740,0.98260,0.99621,0.01610
i21_08_2.bmp,21.00000,8.00000,2.00000,4.85714,0.12853,64.38021,8.02373,30.04328,24.04419,36.68763,26.57200,0.83780,0.95884,0.97807,0.67999,0.92567,0.98861,0.04184
i21_08_3.bmp,21.00000,8.00000,3.00000,4.11628,0.10509,157.92272,12.56673,26.14636,20.14727,31.13088,21.94208,0.65622,0.89927,0.94677,0.55409,0.75251,0.96944,0.07920
i21_08_4.bmp,21.00000,8.00000,4.00000,3.23256,0.11784,294.36584,17.15709,23.44193,17.44284,25.63580,16.84637,0.44132,0.81631,0.88284,0.43559,0.48444,0.92081,0.13349
i21_08_5.bmp,21.00000,8.00000,5.00000,2.16279,0.08658,473.77913,21.76647,21.37504,15.37596,20.67186,11.37019,0.23300,0.73069,0.77672,0.33361,0.22337,0.83186,0.21774
i22_08_1.bmp,22.00000,8.00000,1.00000,5.44737,0.12172,15.23835,3.90363,36.30142,29.90658,41.98761,31.09011,0.94326,0.98659,0.99152,0.82347,0.98102,0.99619,0.01653
i22_08_2.bmp,22.00000,8.00000,2.00000,4.63158,0.12014,46.10547,6.79010,31.49328,25.09843,36.60501,26.85293,0.85252,0.96379,0.97651,0.70868,0.92187,0.98877,0.04034
i22_08_3.bmp,22.00000,8.00000,3.00000,3.78378,0.10210,112.57246,10.61002,27.61648,21.22164,31.29809,22.12384,0.66960,0.92080,0.94385,0.58524,0.74094,0.96980,0.07368
i22_08_4.bmp,22.00000,8.00000,4.00000,3.12821,0.09716,209.83283,14.48561,24.91207,18.51723,26.21795,17.23945,0.44071,0.86547,0.88204,0.47240,0.44994,0.92061,0.12171
i22_08_5.bmp,22.00000,8.00000,5.00000,2.53846,0.11378,334.64774,18.29338,22.88492,16.49008,21.57423,12.40949,0.23056,0.81113,0.78681,0.37857,0.17025,0.83426,0.20251
i23_08_1.bmp,23.00000,8.00000,1.00000,5.94286,0.15088,6.73965,2.59608,39.84443,34.04885,43.97915,32.92653,0.94295,0.99520,0.99695,0.89711,0.98309,0.99786,0.01341
i23_08_2.bmp,23.00000,8.00000,2.00000,5.52941,0.12640,20.80555,4.56131,34.94901,29.15344,38.59505,28.86746,0.87111,0.98678,0.99109,0.82370,0.93669,0.99385,0.03258
i23_08_3.bmp,23.00000,8.00000,3.00000,4.67647,0.12968,56.60113,7.52337,30.60255,24.80698,33.21497,24.28769,0.75384,0.96927,0.97672,0.73821,0.79763,0.98333,0.06546
i23_08_4.bmp,23.00000,8.00000,4.00000,3.94118,0.12438,126.97623,11.26837,27.09358,21.29800,27.96811,19.51316,0.61908,0.94049,0.94505,0.65077,0.53260,0.95710,0.11349
i23_08_5.bmp,23.00000,8.00000,5.00000,2.77143,0.11490,238.08610,15.43004,24.36346,18.56789,23.20668,14.60829,0.47555,0.90336,0.88522,0.56389,0.26481,0.90967,0.17669
i24_08_1.bmp,24.00000,8.00000,1.00000,5.94444,0.11749,17.52867,4.18673,35.69331,28.07406,42.07998,32.13469,0.96545,0.98650,0.99570,0.82083,0.98139,0.99715,0.01016
i24_08_2.bmp,24.00000,8.00000,2.00000,4.97143,0.13084,52.56793,7.25037,30.92360,23.30434,36.68753,28.00394,0.90059,0.95798,0.98606,0.69729,0.92334,0.99101,0.02482
i24_08_3.bmp,24.00000,8.00000,3.00000,4.05714,0.12741,127.72270,11.30145,27.06812,19.44887,31.16810,23.18743,0.75622,0.89219,0.95670,0.55711,0.74932,0.97197,0.05722
i24_08_4.bmp,24.00000,8.00000,4.00000,3.17647,0.09729,235.21282,15.33665,24.41619,16.79694,25.66035,17.84205,0.53867,0.79302,0.88732,0.42311,0.47861,0.91976,0.11410
i24_08_5.bmp,24.00000,8.00000,5.00000,2.61765,0.09314,368.72849,19.20230,22.46374,14.84448,20.58573,12.20500,0.30071,0.68919,0.77017,0.30880,0.21279,0.82833,0.18987
i25_08_1.bmp,25.00000,8.00000,1.00000,5.52941,0.13942,292.23729,17.09495,23.47345,17.86257,39.22111,34.74556,0.91285,0.96899,0.99066,0.74973,0.97344,0.98442,0.05589
i25_08_2.bmp,25.00000,8.00000,2.00000,5.05556,0.14134,860.16820,29.32862,18.78497,13.17409,33.73504,30.27672,0.81551,0.89723,0.97152,0.63929,0.87326,0.96207,0.11035
i25_08_3.bmp,25.00000,8.00000,3.00000,4.29412,0.13497,1743.44331,41.75456,15.71673,10.10585,27.93967,25.04630,0.64742,0.77440,0.92166,0.52197,0.58933,0.92627,0.16261
i25_08_4.bmp,25.00000,8.00000,4.00000,3.17647,0.15823,2474.79815,49.74734,14.19541,8.58453,22.28715,18.73608,0.49189,0.66537,0.82344,0.42048,0.30097,0.85821,0.22722
i25_08_5.bmp,25.00000,8.00000,5.00000,1.94444,0.16641,3029.35779,55.03960,13.31730,7.70642,17.18367,12.34383,0.34374,0.58423,0.68301,0.34247,0.03166,0.74829,0.29871
i01_10_1.bmp,1.00000,10.00000,1.00000,5.97297,0.15519,31.66329,5.62701,33.12524,26.03916,47.25233,35.37677,0.89753,0.96726,0.99116,0.69202,0.95538,0.99785,0.00420
i01_10_2.bmp,1.00000,10.00000,2.00000,5.94595,0.16192,61.19569,7.82277,30.26360,23.17751,42.85724,31.62248,0.83844,0.93914,0.98252,0.61449,0.90576,0.99403,0.01159
i01_10_3.bmp,1.00000,10.00000,3.00000,4.91667,0.15404,128.04577,11.31573,27.05715,19.97107,35.76322,26.42319,0.72159,0.87793,0.95282,0.49646,0.79873,0.97836,0.03760
i01_10_4.bmp,1.00000,10.00000,4.00000,3.21622,0.10902,263.35480,16.22821,23.92539,16.83931,27.79978,19.00537,0.53849,0.76404,0.87069,0.36538,0.62881,0.91717,0.12142
i01_10_5.bmp,1.00000,10.00000,5.00000,2.08108,0.15934,528.53388,22.98986,20.90008,13.81399,21.98384,12.80650,0.36100,0.50758,0.68097,0.17382,0.46005,0.82589,0.21211
i02_10_1.bmp,2.00000,10.00000,1.00000,6.00000,0.18331,19.51753,4.41786,35.22656,26.51146,41.36096,32.32724,0.77900,0.99456,0.98656,0.74818,0.91235,0.99738,0.00437
i02_10_2.bmp,2.00000,10.00000,2.00000,5.97222,0.13314,31.31666,5.59613,33.17305,24.45796,37.21100,28.67534,0.68134,0.99130,0.97650,0.69441,0.84698,0.99311,0.01104
i02_10_3.bmp,2.00000,10.00000,3.00000,5.43243,0.14065,60.10013,7.75243,30.34205,21.62696,31.05223,22.74833,0.49059,0.98341,0.94761,0.61373,0.71170,0.97338,0.03853
i02_10_4.bmp,2.00000,10.00000,4.00000,3.50000,0.11453,129.48246,11.37904,27.00869,18.29360,24.48467,16.03325,0.27126,0.96500,0.89438,0.53379,0.51720,0.90621,0.11971
i02_10_5.bmp,2.00000,10.00000,5.00000,2.71429,0.08639,199.98157,14.14148,25.12090,16.40581,20.19488,12.00943,0.15157,0.94891,0.85814,0.50729,0.35285,0.83358,0.19682
i03_10_1.bmp,3.00000,10.00000,1.00000,6.23684,0.15087,13.51447,3.67620,36.82281,29.03328,44.85966,32.88025,0.67287,0.98936,0.98699,0.77811,0.92751,0.99802,0.00343
i03_10_2.bmp,3.00000,10.00000,2.00000,5.66667,0.13241,22.36071,4.72871,34.63595,26.84642,41.15525,30.27490,0.59560,0.98339,0.97874,0.72692,0.86765,0.99484,0.00851
i03_10_3.bmp,3.00000,10.00000,3.00000,5.05128,0.11999,47.28037,6.87607,31.38399,23.59446,34.98631,25.05153,0.43483,0.96547,0.95239,0.63955,0.75147,0.97931,0.03118
i03_10_4.bmp,3.00000,10.00000,4.00000,3.30000,0.09487,123.62300,11.11859,27.20981,19.42028,27.54774,17.96928,0.24213,0.87054,0.87739,0.51625,0.56203,0.92652,0.10797
i03_10_5.bmp,3.00000,10.00000,5.00000,2.48718,0.08004,293.19513,17.12294,23.45924,15.66970,21.54404,11.84292,0.15186,0.68651,0.75250,0.34749,0.37676,0.86616,0.19444
i04_10_1.bmp,4.00000,10.00000,1.00000,6.07143,0.15206,12.82090,3.58063,37.05162,28.98157,45.29147,33.51153,0.80723,0.98677,0.99009,0.76038,0.91209,0.99789,0.00359
i04_10_2.bmp,4.00000,10.00000,2.00000,5.97561,0.13575,20.49338,4.52696,35.01467,26.94462,41.08141,30.68421,0.72626,0.97960,0.98227,0.70369,0.85692,0.99450,0.00891
i04_10_3.bmp,4.00000,10.00000,3.00000,5.07143,0.09155,41.45391,6.43847,31.95515,23.88510,34.35057,24.92034,0.56427,0.96191,0.95709,0.61173,0.74596,0.97738,0.03318
i04_10_4.bmp,4.00000,10.00000,4.00000,3.26190,0.08947,97.63774,9.88118,28.23463,20.16458,27.05125,17.81324,0.33743,0.92513,0.90046,0.51105,0.54158,0.90097,0.11500
i04_10_5.bmp,4.00000,10.00000,5.00000,2.19048,0.09664,335.66856,18.32126,22.87170,14.80165,21.23377,12.16545,0.18908,0.68204,0.74485,0.36316,0.36271,0.81567,0.19459
i05_10_1.bmp,5.00000,10.00000,1.00000,5.73171,0.16907,34.64997,5.88642,32.73378,24.50764,43.24102,38.55949,0.94318,0.97201,0.98770,0.67668,0.97090,0.99872,0.00289
i05_10_2.bmp,5.00000,10.00000,2.00000,5.15385,0.09272,67.70978,8.22860,29.82429,21.59816,39.37435,34.97438,0.90865,0.94957,0.97873,0.59088,0.93260,0.99636,0.00804
i05_10_3.bmp,5.00000,10.00000,3.00000,4.70732,0.16268,157.19635,12.53780,26.16638,17.94025,33.05945,29.10333,0.82520,0.89229,0.94944,0.46474,0.83102,0.98550,0.02915
i05_10_4.bmp,5.00000,10.00000,4.00000,3.43902,0.11465,365.00450,19.10509,22.50782,14.28169,25.48958,21.26445,0.66594,0.75547,0.86335,0.29968,0.65470,0.93730,0.10169
i05_10_5.bmp,5.00000,10.00000,5.00000,1.87805,0.15501,648.89649,25.47345,20.00905,11.78292,20.27966,15.74130,0.50213,0.58134,0.74033,0.18827,0.48723,0.85400,0.19397
i06_10_1.bmp,6.00000,10.00000,1.00000,5.83784,0.15532,27.71760,5.26475,33.70325,28.71493,48.12478,36.50234,0.86417,0.97734,0.98925,0.69703,0.96416,0.99805,0.00391
i06_10_2.bmp,6.00000,10.00000,2.00000,5.62857,0.12179,54.31550,7.36990,30.78157,25.79325,44.06734,33.18415,0.80863,0.95802,0.98083,0.61723,0.91916,0.99459,0.01072
i06_10_3.bmp,6.00000,10.00000,3.00000,5.42857,0.13574,119.05861,10.91140,27.37320,22.38488,37.77285,28.24463,0.70386,0.91265,0.95240,0.49941,0.80708,0.97917,0.03674
i06_10_4.bmp,6.00000,10.00000,4.00000,3.16216,0.13521,263.02769,16.21813,23.93079,18.94247,29.87472,21.08468,0.50448,0.81216,0.86887,0.35823,0.62232,0.92077,0.11841
i06_10_5.bmp,6.00000,10.00000,5.00000,1.77778,0.09711,496.11499,22.27364,21.17498,16.18666,24.71562,15.79991,0.31765,0.64163,0.75058,0.27197,0.44419,0.81979,0.22392
i07_10_1.bmp,7.00000,10.00000,1.00000,6.13333,0.16510,15.52760,3.94051,36.21976,28.86944,45.50512,35.39193,0.85400,0.98607,0.99043,0.76396,0.96162,0.99869,0.00265
i07_10_2.bmp,7.00000,10.00000,2.00000,5.88636,0.15487,27.06338,5.20225,33.80698,26.45666,41.59104,31.98196,0.81172,0.97729,0.98343,0.69989,0.92514,0.99640,0.00708
i07_10_3.bmp,7.00000,10.00000,3.00000,5.04545,0.10141,59.49196,7.71310,30.38622,23.03590,35.08994,26.65903,0.72261,0.95193,0.96083,0.59101,0.83793,0.98458,0.02800
i07_10_4.bmp,7.00000,10.00000,4.00000,3.70455,0.09414,159.01762,12.61022,26.11635,18.76603,27.22749,19.01758,0.56200,0.86044,0.89793,0.43440,0.67254,0.93017,0.10705
i07_10_5.bmp,7.00000,10.00000,5.00000,2.22727,0.10094,336.87622,18.35419,22.85610,15.50578,22.07045,13.74753,0.43380,0.69244,0.79058,0.30566,0.51089,0.85531,0.19550
i08_10_1.bmp,8.00000,10.00000,1.00000,5.96774,0.20137,31.89852,5.64788,33.09310,27.67511,46.64918,38.67327,0.91250,0.96900,0.98806,0.66907,0.98182,0.99814,0.00394
i08_10_2.bmp,8.00000,10.00000,2.00000,5.59375,0.15219,61.25137,7.82633,30.25965,24.84166,42.72762,35.74720,0.86770,0.94627,0.97903,0.58705,0.95950,0.99506,0.01013
i08_10_3.bmp,8.00000,10.00000,3.00000,4.68750,0.12837,146.20354,12.09147,26.48122,21.06324,36.27073,30.16661,0.77128,0.88966,0.94838,0.46215,0.89330,0.98059,0.03624
i08_10_4.bmp,8.00000,10.00000,4.00000,3.21875,0.13789,340.08440,18.44138,22.81494,17.39695,29.14439,23.26346,0.61092,0.76183,0.86899,0.31448,0.75988,0.92863,0.10989
i08_10_5.bmp,8.00000,10.00000,5.00000,1.34375,0.18011,594.84188,24.38938,20.38679,14.96880,23.99831,17.85236,0.46175,0.57180,0.76503,0.19068,0.62910,0.85651,0.18707
i09_10_1.bmp,9.00000,10.00000,1.00000,6.00000,0.15934,16.17961,4.02239,36.04112,30.88639,48.41376,33.75231,0.70410,0.96607,0.98568,0.68786,0.96819,0.99807,0.00345
i09_10_2.bmp,9.00000,10.00000,2.00000,5.65625,0.18011,28.47795,5.33647,33.58572,28.43098,44.28076,30.91390,0.61794,0.94840,0.97678,0.61521,0.93600,0.99484,0.00893
i09_10_3.bmp,9.00000,10.00000,3.00000,4.90625,0.11145,61.52567,7.84383,30.24024,25.08551,37.91351,26.08460,0.51468,0.90571,0.94817,0.50685,0.86009,0.98018,0.03127
i09_10_4.bmp,9.00000,10.00000,4.00000,3.19355,0.09590,156.39654,12.50586,26.18853,21.03380,30.13113,19.17375,0.37957,0.75503,0.87318,0.36076,0.72206,0.92846,0.11173
i09_10_5.bmp,9.00000,10.00000,5.00000,2.34375,0.09488,300.55367,17.33648,23.35158,18.19685,24.88793,14.14480,0.27289,0.60561,0.78099,0.22441,0.59089,0.86691,0.20070
i10_10_1.bmp,10.00000,10.00000,1.00000,5.86842,0.17524,15.41199,3.92581,36.25222,30.82822,48.18606,32.73376,0.79064,0.96508,0.98560,0.68843,0.96134,0.99801,0.00353
i10_10_2.bmp,10.00000,10.00000,2.00000,5.81579,0.15726,26.13948,5.11268,33.95783,28.53384,44.11365,30.39105,0.71909,0.94609,0.97662,0.61592,0.92629,0.99471,0.00916
i10_10_3.bmp,10.00000,10.00000,3.00000,5.20513,0.13164,56.77650,7.53502,30.58912,25.16513,37.77037,25.44768,0.60149,0.89770,0.94591,0.49125,0.83334,0.97912,0.03217
i10_10_4.bmp,10.00000,10.00000,4.00000,3.64103,0.12814,143.24515,11.96851,26.57000,21.14601,30.04049,18.65436,0.41306,0.74222,0.86059,0.34310,0.66908,0.91732,0.11661
i10_10_5.bmp,10.00000,10.00000,5.00000,2.43590,0.10754,275.95941,16.61203,23.72235,18.29836,24.88330,13.41754,0.26651,0.48778,0.74245,0.13376,0.49481,0.83298,0.21269
i11_10_1.bmp,11.00000,10.00000,1.00000,5.81081,0.15211,24.96786,4.99678,34.15699,25.42371,44.32254,35.79293,0.86115,0.96910,0.98832,0.68565,0.95767,0.99792,0.00389
i11_10_2.bmp,11.00000,10.00000,2.00000,5.64865,0.13359,47.76995,6.91158,31.33926,22.60597,40.09739,32.34214,0.80182,0.94715,0.97905,0.60381,0.90923,0.99443,0.01022
i11_10_3.bmp,11.00000,10.00000,3.00000,5.02778,0.14426,103.05212,10.15146,28.00023,19.26695,33.60628,26.48948,0.67907,0.89661,0.95042,0.47959,0.78954,0.97828,0.03609
i11_10_4.bmp,11.00000,10.00000,4.00000,3.48649,0.13030,230.07097,15.16809,24.51219,15.77890,25.80754,18.63747,0.47273,0.73237,0.85123,0.30718,0.60638,0.91660,0.11908
i11_10_5.bmp,11.00000,10.00000,5.00000,2.27027,0.11873,451.77798,21.25507,21.58155,12.84827,19.88476,12.73635,0.30698,0.52294,0.72081,0.16885,0.44050,0.81276,0.21721
i12_10_1.bmp,12.00000,10.00000,1.00000,6.08108,0.11705,14.96552,3.86853,36.37989,32.58880,50.35889,34.71132,0.80261,0.98198,0.98800,0.72443,0.94451,0.99762,0.00396
i12_10_2.bmp,12.00000,10.00000,2.00000,5.89474,0.16556,25.46656,5.04644,34.07110,30.28002,46.41889,32.65608,0.72789,0.97100,0.97896,0.65617,0.90009,0.99369,0.01030
i12_10_3.bmp,12.00000,10.00000,3.00000,5.10526,0.15697,54.04971,7.35185,30.80287,27.01179,39.50487,27.59410,0.56552,0.94333,0.95025,0.53770,0.78898,0.97458,0.03872
i12_10_4.bmp,12.00000,10.00000,4.00000,3.10526,0.09697,136.62570,11.68870,26.77548,22.98439,31.60221,20.89025,0.29990,0.86138,0.87051,0.39103,0.61538,0.89562,0.13127
i12_10_5.bmp,12.00000,10.00000,5.00000,2.23684,0.10147,302.51134,17.39285,23.32339,19.53230,26.40220,15.79827,0.16451,0.75228,0.78827,0.36482,0.47140,0.81282,0.20414
i13_10_1.bmp,13.00000,10.00000,1.00000,5.48837,0.17518,47.42298,6.88643,31.37092,24.32940,45.13068,35.01175,0.92738,0.96308,0.98495,0.64659,0.96408,0.99791,0.00428
i13_10_2.bmp,13.00000,10.00000,2.00000,5.46512,0.17511,100.44912,10.02243,28.11134,21.06982,41.10753,31.83591,0.87005,0.93103,0.97261,0.55418,0.91044,0.99416,0.01129
i13_10_3.bmp,13.00000,10.00000,3.00000,4.47500,0.11719,221.43672,14.88075,24.67831,17.63679,35.09794,26.86346,0.75283,0.86465,0.93449,0.43660,0.78147,0.97943,0.03693
i13_10_4.bmp,13.00000,10.00000,4.00000,3.25581,0.13989,422.69840,20.55963,21.87050,14.82898,27.45757,19.19213,0.54433,0.74791,0.83771,0.30227,0.59074,0.92084,0.11733
i13_10_5.bmp,13.00000,10.00000,5.00000,1.16279,0.10873,720.45805,26.84135,19.55472,12.51320,22.17555,13.57701,0.34431,0.59581,0.68515,0.20918,0.42562,0.79420,0.23084
i14_10_1.bmp,14.00000,10.00000,1.00000,5.77778,0.14757,38.08367,6.17120,32.32342,25.39918,42.97954,35.49016,0.90538,0.96839,0.98303,0.66453,0.95457,0.99823,0.00345
i14_10_2.bmp,14.00000,10.00000,2.00000,5.16667,0.10758,68.24940,8.26132,29.78982,22.86558,39.32276,32.37103,0.85462,0.94646,0.97036,0.58475,0.90676,0.99518,0.00925
i14_10_3.bmp,14.00000,10.00000,3.00000,4.25000,0.14367,137.36280,11.72019,26.75211,19.82788,33.58551,26.90703,0.74481,0.89596,0.93316,0.46935,0.80000,0.98130,0.03323
i14_10_4.bmp,14.00000,10.00000,4.00000,3.05556,0.11072,293.08849,17.11983,23.46082,16.53658,26.45803,19.69470,0.54059,0.79343,0.83682,0.33209,0.62213,0.91832,0.11538
i14_10_5.bmp,14.00000,10.00000,5.00000,1.86111,0.14247,532.12117,23.06775,20.87070,13.94646,21.45983,14.25292,0.35329,0.59055,0.69892,0.21624,0.46130,0.80294,0.21743
i15_10_1.bmp,15.00000,10.00000,1.00000,5.77778,0.14703,16.79928,4.09869,35.87790,28.16858,45.12071,41.58378,0.72936,0.97672,0.98588,0.70996,0.94087,0.99782,0.00419
i15_10_2.bmp,15.00000,10.00000,2.00000,5.70455,0.09948,27.88002,5.28015,33.67787,25.96856,41.17799,38.16358,0.64822,0.96415,0.97620,0.64631,0.89199,0.99450,0.00951
i15_10_3.bmp,15.00000,10.00000,3.00000,4.60000,0.11504,54.89362,7.40902,30.73559,23.02627,35.04620,32.17416,0.50862,0.93332,0.94737,0.55150,0.78837,0.97897,0.03254
i15_10_4.bmp,15.00000,10.00000,4.00000,3.17778,0.08485,127.28045,11.28186,27.08319,19.37387,27.68052,24.61716,0.30255,0.83731,0.86485,0.43403,0.63371,0.91303,0.11492
i15_10_5.bmp,15.00000,10.00000,5.00000,1.86667,0.08074,297.73913,17.25512,23.39244,15.68313,21.92631,18.91187,0.19589,0.58475,0.73728,0.25983,0.50331,0.83799,0.19555
i16_10_1.bmp,16.00000,10.00000,1.00000,5.90000,0.16125,14.46764,3.80364,36.52683,30.17907,48.26856,29.89769,0.79653,0.96652,0.98789,0.71080,0.93341,0.99783,0.00376
i16_10_2.bmp,16.00000,10.00000,2.00000,5.76923,0.16799,25.34443,5.03433,34.09198,27.74422,43.99941,27.15752,0.72932,0.94481,0.97864,0.63869,0.87170,0.99398,0.01007
i16_10_3.bmp,16.00000,10.00000,3.00000,5.25641,0.12932,53.16581,7.29149,30.87448,24.52672,36.97896,22.03610,0.57412,0.88992,0.94586,0.52240,0.73603,0.97522,0.03624
i16_10_4.bmp,16.00000,10.00000,4.00000,3.61538,0.09327,132.79109,11.52350,26.89911,20.55136,29.21158,15.18529,0.32312,0.74197,0.85616,0.35206,0.50626,0.90109,0.12536
i16_10_5.bmp,16.00000,10.00000,5.00000,2.46154,0.07983,251.04259,15.84432,24.13333,17.78557,23.78332,9.51871,0.16433,0.48623,0.70990,0.12695,0.29635,0.80795,0.21367
i17_10_1.bmp,17.00000,10.00000,1.00000,6.05128,0.14481,14.82905,3.85085,36.41967,27.72385,45.31214,36.85394,0.83439,0.96174,0.98924,0.71605,0.94870,0.99844,0.00282
i17_10_2.bmp,17.00000,10.00000,2.00000,5.92500,0.14312,26.08918,5.10776,33.96620,25.27037,41.38132,34.10762,0.78476,0.94226,0.98168,0.64720,0.90424,0.99575,0.00735
i17_10_3.bmp,17.00000,10.00000,3.00000,5.15385,0.11199,57.35185,7.57310,30.54533,21.84950,34.56094,27.87903,0.67865,0.88597,0.95434,0.52906,0.78311,0.98160,0.02875
i17_10_4.bmp,17.00000,10.00000,4.00000,3.42500,0.12692,141.52290,11.89634,26.62254,17.92671,26.19076,20.11247,0.47503,0.68851,0.85384,0.23033,0.59487,0.92360,0.10750
i17_10_5.bmp,17.00000,10.00000,5.00000,2.25000,0.09843,263.71644,16.23935,23.91943,15.22361,20.71313,13.68101,0.32406,0.51529,0.74292,0.13416,0.41275,0.80850,0.21353
i18_10_1.bmp,18.00000,10.00000,1.00000,6.07317,0.14384,30.01747,5.47882,33.35706,23.66813,41.69704,36.02001,0.88016,0.96012,0.98153,0.65989,0.96092,0.99827,0.00343
i18_10_2.bmp,18.00000,10.00000,2.00000,5.78049,0.14841,53.57810,7.31971,30.84093,21.15200,37.65630,32.24590,0.82675,0.93907,0.96993,0.58368,0.91885,0.99546,0.00882
i18_10_3.bmp,18.00000,10.00000,3.00000,4.67500,0.11395,114.73934,10.71164,27.53368,17.84475,31.57703,26.47049,0.72034,0.88845,0.93536,0.46418,0.81620,0.98184,0.03116
i18_10_4.bmp,18.00000,10.00000,4.00000,3.50000,0.10241,253.11283,15.90952,24.09766,14.40873,24.39705,18.97147,0.53119,0.78299,0.84306,0.32164,0.63113,0.92337,0.11057
i18_10_5.bmp,18.00000,10.00000,5.00000,2.17073,0.09696,436.76016,20.89881,21.72837,12.03944,19.43948,13.37408,0.33961,0.67999,0.74477,0.23172,0.47145,0.81558,0.21956
i19_10_1.bmp,19.00000,10.00000,1.00000,5.73684,0.14739,21.63363,4.65120,34.77951,29.37613,47.84863,35.61796,0.85741,0.97488,0.98808,0.71818,0.97930,0.99812,0.00376
i19_10_2.bmp,19.00000,10.00000,2.00000,5.47222,0.11444,38.63742,6.21590,32.26072,26.85734,43.71268,32.77700,0.80117,0.96119,0.98060,0.65115,0.95826,0.99501,0.00965
i19_10_3.bmp,19.00000,10.00000,3.00000,4.86111,0.11217,88.02568,9.38220,28.68471,23.28133,37.18733,27.41208,0.69343,0.92341,0.95544,0.53810,0.89914,0.97993,0.03458
i19_10_4.bmp,19.00000,10.00000,4.00000,3.00000,0.10811,217.85784,14.76001,24.74907,19.34569,29.40664,20.31764,0.51888,0.81948,0.87812,0.38678,0.77838,0.91920,0.11641
i19_10_5.bmp,19.00000,10.00000,5.00000,1.65789,0.15469,447.93537,21.16448,21.61865,16.21527,23.95293,14.57005,0.38530,0.70436,0.78268,0.28051,0.65154,0.83495,0.20500
i20_10_1.bmp,20.00000,10.00000,1.00000,6.13158,0.12439,15.10816,3.88692,36.33869,33.87806,50.76941,37.75245,0.60094,0.97535,0.98607,0.72960,0.97105,0.99843,0.00322
i20_10_2.bmp,20.00000,10.00000,2.00000,5.73684,0.13767,26.49417,5.14725,33.89930,31.43867,47.20694,34.73453,0.56469,0.96420,0.97921,0.67292,0.93957,0.99654,0.00786
i20_10_3.bmp,20.00000,10.00000,3.00000,4.94444,0.10352,57.85076,7.60597,30.50771,28.04709,41.27295,30.17500,0.48909,0.93462,0.95902,0.57515,0.85887,0.98736,0.02814
i20_10_4.bmp,20.00000,10.00000,4.00000,3.57895,0.08009,140.85745,11.86834,26.64301,24.18238,33.93531,24.00708,0.38108,0.84932,0.89966,0.42988,0.71837,0.95320,0.09499
i20_10_5.bmp,20.00000,10.00000,5.00000,2.74359,0.10707,279.20045,16.70929,23.67164,21.21102,29.13773,19.36622,0.28855,0.70667,0.82024,0.31162,0.58270,0.90539,0.17046
i21_10_1.bmp,21.00000,10.00000,1.00000,6.30952,0.16663,26.33735,5.13199,33.92508,27.92599,46.87813,33.46602,0.73742,0.97300,0.98625,0.68830,0.96603,0.99822,0.00337
i21_10_2.bmp,21.00000,10.00000,2.00000,5.88095,0.13554,48.94303,6.99593,31.23390,25.23481,42.91041,30.79499,0.65759,0.95540,0.97800,0.61817,0.92342,0.99523,0.00877
i21_10_3.bmp,21.00000,10.00000,3.00000,5.13953,0.14177,103.03810,10.15077,28.00083,22.00174,36.66493,26.23147,0.56076,0.91410,0.95236,0.51503,0.82657,0.98184,0.03077
i21_10_4.bmp,21.00000,10.00000,4.00000,3.26190,0.10680,229.64322,15.15398,24.52027,18.52118,28.99242,18.77426,0.42650,0.81685,0.88129,0.39282,0.65901,0.93908,0.10202
i21_10_5.bmp,21.00000,10.00000,5.00000,1.92683,0.09377,505.75343,22.48896,21.09142,15.09233,23.40305,13.15936,0.30159,0.59834,0.74321,0.25512,0.49437,0.87300,0.19184
i22_10_1.bmp,22.00000,10.00000,1.00000,5.83784,0.14051,28.24494,5.31460,33.62140,27.22655,45.60069,34.68891,0.80615,0.96853,0.98173,0.67314,0.94660,0.99752,0.00457
i22_10_2.bmp,22.00000,10.00000,2.00000,5.58974,0.16899,47.24524,6.87352,31.38722,24.99238,41.87187,31.39088,0.73165,0.95165,0.96981,0.60385,0.89664,0.99390,0.01066
i22_10_3.bmp,22.00000,10.00000,3.00000,5.00000,0.11467,92.94204,9.64065,28.44868,22.05384,35.55489,25.98693,0.59241,0.91328,0.93428,0.49975,0.79082,0.97735,0.03540
i22_10_4.bmp,22.00000,10.00000,4.00000,3.58974,0.13431,201.19745,14.18441,25.09458,18.69973,28.01597,18.71395,0.38356,0.81342,0.84709,0.36195,0.60785,0.91032,0.12186
i22_10_5.bmp,22.00000,10.00000,5.00000,2.07895,0.11399,392.19526,19.80392,22.19578,15.80094,23.19617,13.32646,0.22544,0.69221,0.72253,0.27280,0.44218,0.80715,0.22030
i23_10_1.bmp,23.00000,10.00000,1.00000,5.97143,0.16896,12.22522,3.49646,37.25824,31.46266,47.48907,35.74123,0.73880,0.98552,0.98790,0.76509,0.96013,0.99834,0.00286
i23_10_2.bmp,23.00000,10.00000,2.00000,5.79412,0.15440,20.57998,4.53652,34.99635,29.20078,43.22685,32.63497,0.67738,0.97826,0.97987,0.71165,0.92945,0.99569,0.00707
i23_10_3.bmp,23.00000,10.00000,3.00000,5.02941,0.14697,45.69758,6.76000,31.53187,25.73630,36.88838,27.15938,0.55598,0.95635,0.95162,0.61313,0.85603,0.98167,0.02676
i23_10_4.bmp,23.00000,10.00000,4.00000,3.64706,0.08196,126.77269,11.25934,27.10055,21.30497,29.46314,20.28636,0.36368,0.88914,0.87274,0.48643,0.70968,0.92498,0.10356
i23_10_5.bmp,23.00000,10.00000,5.00000,2.40000,0.12256,300.89999,17.34647,23.34658,17.55101,23.83419,14.54087,0.24701,0.76851,0.75788,0.38916,0.53978,0.85085,0.18967
i24_10_1.bmp,24.00000,10.00000,1.00000,5.88571,0.17967,23.92094,4.89090,34.34302,26.72377,44.41663,33.11374,0.88026,0.96364,0.98683,0.69017,0.95865,0.99811,0.00379
i24_10_2.bmp,24.00000,10.00000,2.00000,5.82857,0.12445,42.36642,6.50895,31.86059,24.24133,40.58460,30.43727,0.83054,0.94048,0.97738,0.61289,0.91299,0.99493,0.00925
i24_10_3.bmp,24.00000,10.00000,3.00000,4.65714,0.12083,91.12742,9.54607,28.53431,20.91506,34.66312,25.60925,0.72005,0.88278,0.94695,0.49477,0.79808,0.97941,0.03418
i24_10_4.bmp,24.00000,10.00000,4.00000,3.27778,0.13950,213.44427,14.60973,24.83796,17.21870,26.93895,17.92223,0.51961,0.71841,0.83812,0.29875,0.60418,0.91776,0.11725
i24_10_5.bmp,24.00000,10.00000,5.00000,1.85294,0.11862,383.36807,19.57979,22.29464,14.67539,21.62550,12.69268,0.35521,0.49991,0.70383,0.12997,0.42170,0.82072,0.21471
i25_10_1.bmp,25.00000,10.00000,1.00000,5.85714,0.12868,172.36766,13.12889,25.76625,20.15537,33.25082,27.58736,0.90580,0.98058,0.98583,0.75623,0.99625,0.99680,0.01097
i25_10_2.bmp,25.00000,10.00000,2.00000,5.57143,0.13574,221.49047,14.88256,24.67725,19.06637,32.36533,26.56782,0.88757,0.97154,0.98102,0.69928,0.99033,0.99344,0.02067
i25_10_3.bmp,25.00000,10.00000,3.00000,4.25714,0.15827,406.27155,20.15618,22.04264,16.43176,29.39762,23.67305,0.80903,0.93984,0.96185,0.58932,0.96265,0.96686,0.07868
i25_10_4.bmp,25.00000,10.00000,4.00000,2.14706,0.11108,798.71877,28.26161,19.10686,13.49599,27.02040,20.85681,0.66604,0.86653,0.91379,0.47758,0.88451,0.91745,0.14419
i25_10_5.bmp,25.00000,10.00000,5.00000,1.47222,0.14426,1422.05604,37.71016,16.60164,10.99076,21.90343,16.13849,0.53026,0.74879,0.82159,0.37457,0.77415,0.86186,0.21677
